src_blockchain,src_tx_hash,dst_blockchain,dst_tx_hash
bnb,0x53b25db5b968fa7880e1fc5b00983481f3e5f1af677c8b027a0d8286d22f727c,ethereum,0x12ae0acd4d88c181ea97fc3772cf1394ed6c09d8c173f75345a01e71df7f3c26
bnb,0x1fe99ad9d904a4e090c16be056b0484020081943efce5c6c50b69ef7640f8125,ethereum,0xfbd47b1d27d167f2871ecbc9aee67c45beb8e79b75b7c366f3aac3e105fe7e09
bnb,0x1290bea64f9db6d375d67d0cb3c341e63b643af376dca8c47fcac954e0aa2fa2,ethereum,0xc580a21ff9798288145a92e9c0eead32ffc28f7ce9b28ed1c0275838a56edff9
bnb,0xc0361cd88cb734774db760f3aac2cd7477f59a0221a2c0ff8266318b7d6317a8,ethereum,0xe280153aa5d9c6cc3aa2ae6713ad8f91889fa6007485eb54318bd957b74776da
bnb,0x52ea2da12fd44e05fac47d0cc6560d2750eb924d6cdcd9c224778ab8592fc782,ethereum,0x146d4da4c52cb10d265ba26d285c9a3d1ce6e3aceb962bcc755cef93a4f2c282
bnb,0x3d5bf685a09b515d2244cb190f7d0a45b1a13f65ce74326b600ac09e62c744cb,ethereum,0x796f1431ee32fb0efb075aee34cfab13cb35fc4a7c8844641b61e504bbc66532
bnb,0xf887d5a7475340973d8b693cf4cb02b95184e52c65eab19d060bb8b318e05044,ethereum,0xe203c44aada28407ccd95b8b4accf0b089524ee41f18271b9ba1a942c3787324
bnb,0x49795e182e625f0db5e29c865e67d056a63aac88d229d193f0d6c389836b389a,ethereum,0x9b0f4ed63b8228d7b438fafbfa02c8e65d7a8d2151af4c8228d6e7827d5e6c32
bnb,0x2bec5758f0459edd406031e6a9c05bef4919541406eb328eabac20437664ba79,ethereum,0x652a63267cb657e51d4bf54e6ff90f2ce63b2d37e95667478209e1898831df85
bnb,0x5bc39fd73e58f8e205fd00e888857b0cdb8a616004aab419cc2de090752cfc4b,ethereum,0xd10df416734586aee5dcb5cb9058002f397166db51912f7a023e4b4f2c17ad21
bnb,0x228baf2d5ff0cab32cd7a8661334bcc406b185ca15bc9c9cf2f0ed4bf85368dc,ethereum,0x295fe5c40c1746cd3e1cede03a178b4dbdcc2e7c78f3a70db626ab7c66501a5b
bnb,0xeb47c5a24d2216336e95a1eb2ffa93c8e5e7d6061c4315f372e70159a09f48a7,ethereum,0x6b0790b8be78a31450f8f4c61e4bd03a30ce2749fd25cf2ea8ee05d7c983f81a
bnb,0x160dc402d5b151fa2c5f03f4ed55928effb54222f5c852e421e1517bd438cf67,ethereum,0x977517b52f6bf786ad194a5099c157dddf335a7d89d3166c036f76b7b141e0f1
bnb,0xc30d69e9bc72f73bfb80d39b615179e8748ce20405940449805c1941f5a4a526,ethereum,0x7462516af54be874c3a4d89e2840192af289839f609ccd21349c1a33a04b1c29
bnb,0xb1d77e851f447d59ea0986c034914750d199f97729c6ac66f8c7efe81cbfb0f7,ethereum,0x91f9f60ccabc55908627695b6a738f12edf2c1ea29ddddae5ad047f30dc03bb5
bnb,0x0121c8d71d66f1d552a21023a843814f52192a0143e364eba608797463cc1d01,ethereum,0x3d900925dab773b3812bcc954023cf72bc4ffd5380f54b19a4fdd5b6cf49821a
bnb,0xa28e2369ac91a10559ca6ede3e706c1281abfe99a73692a8fe45c9814da98e92,ethereum,0x79928604b4dfecb4ff64089568e7d3660dc65e8724270480f9b27395b2f961d0
bnb,0xca962c23b3f03667d0063bd7f2afd00333050590bb8e56d2084c022842696ef2,ethereum,0x4de32f34bd21a6def666db1137af4b9572250bf4228819f31248ebc2af1cb330
bnb,0xfa3476aced320946f8a3a5dc08a5dedf7b4760f1227bbb95c5b614d453e1073f,ethereum,0x1bb9fff30c0241b386c96b9f360b24e99e0b1f3a80a37f9d084d55112ed2d303
bnb,0xecde7becef9ac6a6ff3fe036a2fbb24cd44840279437272f2a9d20812a7ba4ab,ethereum,0xe2160bb95e195cc43c383c6fb5088295a3d726dfbcbf98484aded8fccbc916af
bnb,0x037c0ab4f4d6c0ad2371996e91d545bfb38f021badfecf86ef3bebde4e867ce4,ethereum,0xcd2359f3eda8b5ecb7bfed335ea5b2336798372795b96c763a925c4b39202c76
bnb,0xbb7ff26eeb99a7decb828c9843ee84a4d7c46d239ca25a39e8ecb1f40d8ac2ca,ethereum,0x57add042cf5d7be48e2357cd9a76715c79145cced9b5dd40b7366347c1370a0a
bnb,0xe179d94f649b47e66ffc13f4bf48b1eab6ad34e47d7e355c1c2a04b087774349,ethereum,0x876b62a1746143d0a9d8db7a56aa25dcf17453d1850b8c5e7dc676beba691d43
bnb,0x6425e9dec881a48467a71f1b311bca95a80218ea315dcdc6abf1d67e10f7cec4,ethereum,0x01f0be3b49e137f301104ae26185bd1d327798c195bcf82f201505665b0979af
bnb,0xdd0cee67c975aad406ca9239fea7e8ac58bd4a1be9226fd664d1a18dec3bc6cb,ethereum,0x2ba4b5d12ad59f2846c936b3e1a78c137a6cb58c9f5cb1e3e97a9aa265983f4b
bnb,0x03fa9f7e7419cb4221a76ad58b240c23aee39bde08ee7704c7a2e59ce498d314,ethereum,0x77001bd6fda4f9efbacfdd5810f101def40c0e160c24889303655affb16024ae
bnb,0x9bef032a72335c55ee57f2dccf6d62a22f335dc5d7a77ec96c86e2d1bc616f32,ethereum,0x563d034ca24c3f66baf80a96c52b0ef7cc9c22df474f855280858f9fd5f39742
bnb,0xbc392ffb0c9bf5ddbf18e2f2f6ea9b98641ebe0258d69c18332632632263fdfc,ethereum,0x4a6b3d01958161a2bf58742721cd4a761508f180fdfe0b5efcd7318164692aa7
bnb,0xaab389b55a852de6b1df8b5337a53258c0a7e7c2caa009765dbba9c4905eeca2,ethereum,0x4bb5964b853a9ef518e550250a0300b1990be596ae94d91fcb8d08df4c93180b
bnb,0x5b36b90048229d84dc9a7b34c2bafb6a0fe96cbc427047805dd5926a33e1b970,ethereum,0xee097ffea84855a679b4236c56167df3c254a2f5191066ac7587706715b20d6d
bnb,0xbe0da6b717c61b54698fecc8aaf8ad757f2d241c1d3c08a91b74b1fc8742f42a,ethereum,0x96fb033bc0de3d53b321b7532457fb42d2873e9660a98dc1f243536ada5e8060
bnb,0x61be99c3f4e644b0f5a73d9d6ee9086b01d633780c9701eb40a9ede57c6f1508,ethereum,0xc74f290e59bf96e13834c7b22aaa0e19b5c71ea7c179609e6116b8f1cc3d72e6
bnb,0x1de0e413e50e3bf90d3d456dc39665a62f2c0c91f5208c0b619fb2a301931de6,ethereum,0x3c14ad4bddb2e39c75c6235c0048ae3a34b2f74d969c5c4ca718e866712177e2
bnb,0x534f5b039fc41ef127d63b2eb1151bdedd6462f2310f31a8c7fd867fa48eaadc,ethereum,0x97cfa0350792545db022f8749c7c8590a19db20e897764ba0f0f0a42938f09a0
bnb,0x825997bb7056cbd6e8752220182fdd7cb07754f28019137c22d5a977f51f0c84,ethereum,0x9f5d1a603211545d60942ceb29bb398517fa3eaeac3f6fe13df7330975d85bc8
bnb,0xebbf2f0f3e090e9f52ad165e436262202f4c9f189950029876347d611f1c0c02,ethereum,0x6fded954d809818107ea644fa64a0e864323a1ff1616dcef034cf4d0c58e2938
bnb,0x41d879a7c9fffd7d2233b768a6a6c57c5101b90a3085e43f8805b7d024006e57,ethereum,0x04983b490ac56be4ed14f4efaa26d42884afcfb6f7517b88b689e2e4e6608a53
bnb,0x5a03f66c3d0fbfcca44471722df9677f499df6cc17d7ce8a3ed535ce1b61ef71,ethereum,0xed9f3b66c26606571944e9c6dd6218a4c72ad740592be8c78ff8bc59182dc657
bnb,0x8966c1b460d079a1d97975a4918159aa329dbe3511903a4be932c9397093a7f2,ethereum,0xfe22dbce02e273cce77368a8eaea294d333ede116c555729e64f7c0ed268f668
bnb,0x2b7638867e259a0a7069d4a7d027abc01dfd83a13136321a60bef9fafaef8171,ethereum,0x3d9c3d69aea0d3a211672d34ee0767d9e2db0baf0f7be8525475e3cd0f3b85f4
bnb,0x46cd5931327944858a4e2ff086626173765741dd07857610d5fe0aba07b6438a,ethereum,0xcbb7500000cff1325339fc062f0fb5eea8070169c31e9fc797b34b18b7bae5dd
bnb,0x9dfb6a9d3eda6a05b4e4cf75b78786ed8a8f03448dd8834799012dc45e1d7ae0,ethereum,0x737202cfb06ee858bbb893a350b0756ee257ed3ce00a5d952b75dc296ddc0775
bnb,0xbaf63a09bcaa2b8b2ae90d95d1851461e5f8c3bd28eaf758020aa873d5ed4b34,ethereum,0x5b82cb42085c7bb20c7aa2289a2ac9b7b0358b065f23e7806b2defebe02dfa6e
bnb,0xa0faf4b99afb99279cd63cccc2e94bb26330a470b17bb7603edffc4cfe4ad616,ethereum,0x3aab150c38038be1c8be387677d7e24a74f2b5ac6979c74109854affc6e99a87
bnb,0xdac51febff374f822f2fe9942a2023c339c3d985c923afe1fe2042d002f206a3,ethereum,0xc6245cb7c9bf44b206fef1ed934a449dc3e259d946d477b170937f6e24dce992
bnb,0xc87516eb5e11a16c6d22a1b1146223f82a335bbe1bd3f8e56042683f9d647281,ethereum,0x1fdee81a6b4e28bd51fe514bc6680239b7a5658f4f7f833ce7f8fd2635390cfb
bnb,0xb29f951ad61af385c0e00791edbc138a8decf014f3c8ab25cac3a320ab829d4a,ethereum,0xda3fc22284cdbae46a7d0c8b7b06fd5d04a6854bcb9365c4e80c6b487f551f39
bnb,0x359eec72aad568bf9317f382767bae582fe49eaac5357159fdfcffb8925ec11b,ethereum,0x3989f3dd857805dae957d667723e618651e6bdbeddb4b0f3ea3560f9c451d922
bnb,0x39b7047a5792d5bd09d2cf07604bac33af97df1d2992cd5e0773249db91ee63d,ethereum,0x120da2ca5df2b63e83c35c177a96e2f0823a4f0370058e7a68c931f8a2916353
bnb,0x6da2bc1a71c6ab253714ee9f0c435405dee86463c48d01350e6e40a4b513922b,ethereum,0x90b32ac538879de81de1e06d60e5ca14ba4ddf3da5660e70c7abea2e4871f531
bnb,0x46513c845ec0f1b8c27179ca3174cceb5e1575fba2de0442659627a3400f5a7e,ethereum,0x664f288bb89d50343aa07b51337cc0eb957798c701e9bc5392494ab8a1d0a583
bnb,0x11c89f3c4dec91076e048ca73df6066b289c7ae7d563af81375af26d61d14ecf,ethereum,0x7ed87ca812695ffb8c0817a12519355ebfaa2ee6ed6d04adf66984d98a4f0421
bnb,0xf0607804f0bd373950b5ceb083946a04be8b8763d15994f33fdf0d6de0bb1af8,ethereum,0x8d67be38dd17d2003dd1df01344de6b29999fe311bc45dc824fa6a88590a5ce4
bnb,0x1b1bd3085534b02df8273ebc7b212b0e34f098d1d2b39ce3bd0a893ea11c96a9,ethereum,0x32dc86c29df5bdf7b3f304ab148362549d506999a3599d91bb40206942204d15
bnb,0x3ce349d6f0487fc0bd063b4f19ca1d37e65a421b7dda7ffa457dd1060a905fc8,ethereum,0xad0b9288de49c20dccec5de0e9bb55ea4cbca52293c5c73aa2dc9bc408d60207