blockchain,tx_hash,timestamp
ethereum,0x61497a1a8a8659a06358e130ea590e1eed8956edbd99dbb2048cfb46850a8f17,1659389551
ethereum,0xa5fe9d044e4f3e5aa5bc4c0709333cd2190cba0f4e7f16bcf73f49f83e4a5460,1659389551
ethereum,0xb1fe26cc8892f58eb468f5208baaf38bac422b5752cca0b9c8a871855d63ae28,1659389551
ethereum,0x40163166dfeaab8ee80e7b0acc62768cef84b7047b42b09827b29a8d77f383a9,1659389551
ethereum,0x3f9083e432932d83e5b4560203b5a24395bcb24ae3eac0356ee3ca52665b518f,1659389563
ethereum,0xfff02d5797ae4d5737dc86b36f8ab30737d4a0f5febef2a221664c6641d5d35d,1659389563
ethereum,0x498a0778cc8448a10054d71508dee1a65b5f336daebba8ef859e712000391db9,1659389600
ethereum,0x1f81aeb9f1c8ee7c672552edd6e0d058afa8dc3d2010be6ee58bf1a9b762b9d4,1659390389
ethereum,0x7db5e5f962347376521f4c7a1dcf0605c7bee2a2fce4106fca44becc3b280304,1659390389
ethereum,0x5c5f3325d212b8e0863c76995b5aa54aaf22723c3fbd68b38f33b1309c8b16bd,1659390389
ethereum,0xb0447743d0d29c57565658ab5d1a2fe809d16f82816cc704ae67485a41f9888c,1659390389
ethereum,0x73ae1f3a7f81d140e2101058f539e012b5ce6b3210993af50a34e9a76d5413e9,1659390408
ethereum,0x8ce141bfa83dd0f48de412bbe94e866bc6e9eeb3fab1ba1f1e19e719aebeb34d,1659390408
ethereum,0x56b4ade16ad35792f0515da867c3124210ef233b4b18f047b470976da8034f61,1659390432
ethereum,0x8c475bff9d0d2f459a603a34c6cdb0a60406fbb8d46c2abbc165b64d9e5997f2,1659390959
ethereum,0xef73e48c1be5f0254125db589e60b2854b90f98d369c9cf2aae49ba7d51f6257,1659391618
ethereum,0xcd54193008330871d84c191bbf2f2fafa338420052b1523e157817536ac15d0e,1659392275
ethereum,0x763e74d6361bb2103ffc1a76e431026a5bd21186226b2401903ffdb58704c6cd,1659392537
ethereum,0x39b107d43d88f1120e4310818c6c1e797125cf202faa299b81c8714e5c3d6691,1659392537
ethereum,0xe0112511747dd3b0c300925878a05f4c6b77065be79bb214a822f11505256e0a,1659392537
ethereum,0x29b67e0701ddd910ff6a069aa039015eb78b1ee6d99ad8da5d0ef63916f3fd57,1659392537
ethereum,0x470646732ebeffb48c4063b0aea00b5137174a47bcd22fe49b4ab6186cf9551f,1659392537
ethereum,0x9310639f61bb86b372b0d3cecf33151b41c11b6e2efb56246d9ca8505a1eb35f,1659392537
ethereum,0xb1d7a67de918761cdbe821b9ce2c887bea45da26841f8af851952c61e4680c60,1659392553
ethereum,0xa304a513cc1b62da3d0237b90078f3f9f9e20fac38718e1c04dd2e589bef51bd,1659392651
ethereum,0xe7fd692fcfae783149b695fc908c865669cc2be808ab47faabfe672eb014158c,1659392651
ethereum,0xa9ddf5f8c22c33f814aee70b2a86021c19af5f656423c5e14090fd0fe894361a,1659392651
ethereum,0x1eaf063edb953ecc76eb318806efe71e8e52090f296a669a01162803f3ee10ac,1659392880
ethereum,0x430056979cc900f4223eb02172d185dfc101ddc69af77c10f3aa550fd8b8195e,1659393104
ethereum,0x811a54270e38154c30e65bdb8ee484883f5a9659dd16f1a335f9ff8f7eee342f,1659393130
ethereum,0x56b4551dd7e8f475a2c70c7a7e53a5e9a1d5e09f33dac0d89b7816748a8caaf6,1659393162
ethereum,0xc4938e6f6368061194d076d44f73a8cae3a318b1ee7cf8b026abe10b7c206c2a,1659393162
ethereum,0x08f3202a22c92eda02e2068f854897bc335976797515c56a11fc8a1f25f035a4,1659393318
ethereum,0x696f33c5a1597d2c8529f5b45d49097a825a11f0a8b7226602f0a29b2384352a,1659393318
ethereum,0xf76e2dbdf258727b07d74eb329fa2cb001e4b3b4313df030c6191cffe811a749,1659393318
ethereum,0x8807ec516e40c46b1de7b10a6387036ae80fdd63f41ae18181d5166fd96d76ac,1659393338
ethereum,0x9605ad11e302e2c0916599917f6841e8c64f713dc5ee1df592f9b84c89e2827b,1659393503
ethereum,0x65bb46dbf535b8779dd28fb5045aad736b8c456be2ed8275129622758554ee0e,1659393503
ethereum,0x1e215551c3107f3eef143b2db15e3f00ec187f067b5aba01741f915be94d0357,1659393503
ethereum,0xe429faca7e0571d1931988e9ad42019502b1306dc3d700eea0ac0d1d32fba7a9,1659393503
ethereum,0xc2e6d1681111f72eae7b52fad1ceb86efe58a554020cd6d60b74742cd755fa03,1659393503
ethereum,0x54d9b3faa3031442337f6abfd0ff3b7bb83329f21e2d0896f1f146456697aa9d,1659393503
ethereum,0x40240be1bf54ae0145249b7c590569f0d1ec18a557060529ab7e358dbad03dd1,1659393574
ethereum,0x2d533df5b482ca08889331f6ab7f641af4d81ccfe622afe646bded6f39daa464,1659393587
ethereum,0xfd8e6bad22affe5461ac78f316be782ad28bb975ff6f0942bbb983bb4a5f2a0b,1659393587
ethereum,0x63f216906ff7c0acc97f98ee4f649ddb267ed03be421119db106e11e1475c6e6,1659393620
ethereum,0x0a0d251178557f2c04fa9607e5ef65113dd651168bc5096629e3cc11eb9f05ee,1659393652
ethereum,0x846ec2dc63cf697ebec65ba035e8e18370ed786ebff3f2d1f5c04ad9ac9a6d61,1659393765
ethereum,0x84566b22a1389888f287be27b7cc073e25e9087133d29e1752e3d0ab16ce03ec,1659393765
ethereum,0x7b901108136067d142c6d4431f992c57fd51341eaac58fdf90de9400de573843,1659393799
ethereum,0x867b8e81060bf9b06655c9bb020880797fd2588ef6476c45aff3c9bac24da29a,1659393799
ethereum,0x358ea0b0519320055aed5773feec8d1869a641cb2d335936abcad68faef54db1,1659393799
ethereum,0x703d09d6ea6e5e1eb0c74a093be82d043727765008076b75e816b851f28c2dd7,1659393799
ethereum,0x6bef2d716307c550223f1ba99228ce43ce991aafda0089892f2e4dc8a947953c,1659393812
ethereum,0xae8df3202fd2174e11752ec18417aafd2990364263d5b8328b6bfcf627a0c94a,1659393812
ethereum,0xdc5a2b67bfc4220185c06d6d3d32f5dfe88326ad004d864aa86e56912ea4c571,1659393812
ethereum,0xac77367e3772bfa769e8e1a54cd5062545cb2cb28ec591246893082d79e16ba1,1659393812
ethereum,0xfd1df1ec1d959e3b303796e9360e817dd87f4bec4e530668ca02086847749f8e,1659393812
ethereum,0x04318f01698bd6875a0b1707b2109d3f414e007c3535562bc90bcce79c6fa63e,1659393818
ethereum,0x5bc5b943cfc0688cb1686cac7ed279fd0a8e0741acb3c88b2ca781304359c20c,1659393901
ethereum,0xcc89082f5bd9e82a32ff215c8bea5a4b8fb657b5c2442e700e31736a45a89c9f,1659393901
ethereum,0x2d304c112e1ef9dc709cafc7948904282cbbb35348425bfc31a122d9caf90fc3,1659393933
ethereum,0xda0e1943f7e7dce705fa53c4852dcaafae19cfded6cbd7cc6f6b7e6301a4f1b2,1659393957
ethereum,0x1e8c51997083d93ef53bfeb844eb6baef7ffe297275f5fa61496c931a39e2cfe,1659393957
ethereum,0x409ec37dca7f9780304e10e5cea7c137b9e1a76908e06b8eca34bcc95ac03c8b,1659393957
ethereum,0x9bab3beb8f9c9cd2318462c5abec17cb63fa24182a110d2c33f3a28a23a9990a,1659393957
ethereum,0x8b9c96bba9ef04571432e3acb2cdeee3c77176fb0769205a6a43de270cb7744c,1659393957
ethereum,0x5584ec473d8d69b9d3035ccfd2c3bb598a40e3e430a197d3afa40c9fccba3ca2,1659393957
ethereum,0x7266d959977ee1dc7dcb291de9f47b61cd7bbefc40a6cabe037b8447b0e1ee38,1659393993
ethereum,0xa5a1190443c18527512fbc824f94d7a955160fa4dbe7445ba6e734521998fbcb,1659393996
ethereum,0xa5f208ddc46df958514c3fe9c82dfe616af2c87ddce86a10b23cd1cd94ceddd4,1659394030
ethereum,0x9d938be810998e5ab88bf59d165cb89b4b2257871d61555c3e949de0118cb424,1659394030
ethereum,0xdfd0a844e6eee910bb108a6ba42403596605667c72146065b2bba6292cae1081,1659394062
ethereum,0xd5990a4d1195de927a61c4259d295a6b4ab3719d72f681055d601d26d1cbfca8,1659394062
ethereum,0x3c924c25751355aa11edfb4fcd388bfec7130f22d24dd3a9e22adf91a747cbcd,1659394062
ethereum,0x9f0f033fd60fde031a59371e7760067c92efb359cbfef6403e3f57eabfa39372,1659394062
ethereum,0x6836d2edb180c240d0623c57ca784ab0c0171fb132c0f92803ff676c91b69711,1659394062
ethereum,0x012babf0b93ec48bf046b138ade1ab788df65a7fae72163d41e1fb539021f868,1659394062
ethereum,0x8472b4e0fda16b83ea19b01e4a8239850400ec60d40f5b9a29b0b0f93d07e49b,1659394067
ethereum,0x46d66b217d0710676cfd076bb2e81b9c209ea43cdacd79472234480819ec1bef,1659394067
ethereum,0xed5cdb96e9971bb45640b5edb56ac8ffc478b596ab7a9820f5096f5e4e83d6d6,1659394067
ethereum,0x32baccf8eedb3f4ccca10daa2510eec9a149c5498611a4b013776dbb7565c7a0,1659394099
ethereum,0x8d19b6acb5595806f599442fd87776529d1df99eec59cc781fc9eef72ef4dbf5,1659394116
ethereum,0x779e7407ac6658bade8683189a2f7247e5d231e0645c6c7558432a0f15d5cfe0,1659394116
ethereum,0x568ab1cff56a1d57a420cf37325ea0888de9234fc4d7ee9591af55340a1a5411,1659394139
ethereum,0xdcb81fd2935e2cfa576bf9a6be42e1c490777e6cb7c625714953563abc95b452,1659394139
ethereum,0x72ca82000db06e3c8f3672b6d53d375df2f0e7245948ff2ead061d2a23b39a06,1659394160
ethereum,0x01527e265e87f823bd82b68f3c0b12207f634a7fca10a745f67106b7e196df11,1659394160
ethereum,0xc4cfdf1c839b6fada23d3c8ce2ece579ffd7fc1d910b72f049a6be39d2a256f7,1659394180
ethereum,0x8f2d4ee2f31ad8faac113b9fbba6556098cbb93695169944cd1da38f8d3e7dc3,1659394199
ethereum,0x0dd9ce4b22b84bf183e183c58af7ee212daca654753585effb1dc3543e46d3ab,1659394215
ethereum,0x0d0fb915d7d0e4878574e3128bdbaabbf0d47e47f499fb482fbac3c51a112476,1659394215
ethereum,0x59f84b94953e0f79177e9c66116a89a5e89066037ebe9195a7264f11be924be7,1659394215
ethereum,0x221781c6011bbf3122d45ee133cf6b47d72557b8ce32e11639d913f4778ec379,1659394215
ethereum,0x4cc07aa123626e806531060660c607bc3656b6c8a597fb9a5d83d0aff8f21e54,1659394250
ethereum,0x5c43d21735d45962bc2e855b3a9187b97d2b102d4adfbe5b7003cfeb49a2a349,1659394250
ethereum,0xba222b15d656da08d763524925423a1dee4424027caab452f636fd28156a826d,1659394272
ethereum,0xdf6bef0d8dee8b44863ac61092a711b877dcfe3d61da93d7289e0c6285af1b45,1659394272
ethereum,0x13eef53f72c9924755a0842edf50a0787bef5e9f1dfd0220c31a24d626141cdb,1659394272
ethereum,0xf5c83c74b438e0a5c8760ec9ea547c25077a348079fa8dbb5969cf0ea5ce6582,1659394291
ethereum,0x18bf5df035360b754296f36528b24f8873c8a2155c84eb5bd0cc6cd3acee5512,1659394310
ethereum,0x22e8a8767bdd73c29c8d91a7a11f8b23060da895fe3dbf4e56760c0903551df3,1659394314
ethereum,0x21e0f925bab624a93623285609f67c9a42090baa8442d4309640d73be8735d08,1659394314
ethereum,0x0abb295de6d65b69b1a56da9327536b467a0df0f37c68af902fb7c2af419cd60,1659394314
ethereum,0x2c9f65f8375d76fc8477f192df4f4e39cf5ac3e9219467d7294b31dcedf8f431,1659394314
ethereum,0x5062970c064c3ebcf0d7d44e5dfa758efe69b8322770395412d8c538e1232984,1659394314
ethereum,0x94359bd3f0fc4cd53b96054a23b05f531e127fa6cca644dfc870851af5e0e3dc,1659394314
ethereum,0xf0333af2222f0775871b39a3c0dcef30f0e0f63f0ee8afd30fd5af9e2e9d1d98,1659394314
ethereum,0x7a8048ad1ccb72ac9af26e952680b0cb8ad7c5fd830151535a0f9a01920681eb,1659394340
ethereum,0xac16de557aa2638a88ee8136d917860191128e42971bbf6b141502cc61c644e1,1659394345
ethereum,0x3d7aac4388d0374c2ab46f23da61caa289761b0d976b27ea27d1390d78994823,1659394377
ethereum,0x28fe37526aeb2ba27348ffaa7e16227991b20b139ffb86f963e5d1f9cffddb45,1659394408
ethereum,0xc767ee4209276d8c77b97e924f6cfa79030f9258b414af68f31367adde7f2f6a,1659394414
ethereum,0xe1cceee349a5315617a71615d467939800731bf92f4cbe55760511068a309aae,1659394414
ethereum,0x5ae6b010ff183ae826fc59d1d6e6cfdc0dda52448615c7f59f0a52908bc6da31,1659394448
ethereum,0x010a7443b29f9a619906ea99e577a45652d15c9f5970d2b884792bfb612668b7,1659394448
ethereum,0xf78443c5e1f0ffe08761c831b30aeee2160d11401dbd8c024c3a76d367a558a4,1659394448
ethereum,0x96a2cfadb19cac9ba2a21c1f32b6f21b6132afe1b4f4698dee563ca01ec20e01,1659394448
ethereum,0x1c812bb296abfa7e348acc842dd393227a6ac5881416e2dc7d967bab60534636,1659394448
ethereum,0x045a2fb829876a39315007fc1c50b284500d077fec3541b6fd20de9dcc27284d,1659394448
ethereum,0x22d7c475cbac0ac92fe7dd2c9d8160e6ec57df83814f1488521795ba745b3a6b,1659394448
ethereum,0x75c09263eda1a2d4a0ffb99d6833f49015c35833b6bcb4d112efe2e286355b34,1659394448
ethereum,0x0c1cdba855f8d3ed572ee23332b971bd1084ac8132e1f0e266edaf0f281b36d0,1659394448
ethereum,0xc25c14273203425510bde121c97ae6ad375abe2115136e7e297e7f8255c366bd,1659394448
ethereum,0x045dfe73dde8aa306d664568593d75552162d6aea42af49251cedf1781387131,1659394448
ethereum,0x1f5990ad8f4c9ded52c1df839d7ed3be8b6a01bbcaa35722863b0ff0a30227fb,1659394448
ethereum,0xa10ecd2689857046f4adc7c61fc62ed691a0d16cfc03d76cc5bdca2315f7cc6e,1659394448
ethereum,0x22336a9c76a28b24bb9c74c3b238655d836d501b38ea129ce0515af3f4bbb117,1659394448
ethereum,0xa2ec4c335320f96895cdd9be78f78dd78c11340f7cb54d18f5cf126a31d2196a,1659394485
ethereum,0x33350f7288b6a210e7becc460ddd15943134baccc56c7de03bd060fd1c9cd723,1659394485
ethereum,0xd66ddb38f38eb15645c4c894ede62f57936e358cb369dfcd9bae9aca9255af04,1659394485
ethereum,0x67eadc7efea9ea1f5271e9f02d7cc18440d3354b6a32d4f4fbd49ef46615a10f,1659394485
ethereum,0xd00a7918d296a8bda17370a3306a950c99942f9f991d933321844fda5b2b24e0,1659394485
ethereum,0xaf4c4c389d9d7ff434115aedd7a5715b650ff1c8664a5610dc3228a05abc5342,1659394485
ethereum,0xa2f6fcbe4d639efb7d3a478b1d0788484df56509c97bbdc32cdfec17755dcc44,1659394485
ethereum,0xccf4e1032e7d50ec5a749e21edb897a7c8fa097ff85d10a6b539044c477d8104,1659394485
ethereum,0x6be7a640ea9c9d2080027ef3ab2aaab008e7366757765ca52ef520245c84aba2,1659394485
ethereum,0xc79ec5e8ad9e1a27956731833feefa2d5915e63a7105cacdc0530ff7dafbbec2,1659394485
ethereum,0xcd6d4e545639da7c14ba11705721e9cd83bb741f3d0554145a6cf392f992496e,1659394485
ethereum,0x792f51176d6e302ad4c65ac6091663007b864a2c149edc74cd61ee6d7a33e5fa,1659394485
ethereum,0xa7adfcc5101ede08ebfa4920180f52f717e737c2715c681b443f383a45c3837f,1659394485
ethereum,0xbdcdf504de7cdf9bebb4f597da400bff25c9fb1b8aa277b7c7789049a4ab95e8,1659394485
ethereum,0xed53c70d1338099fd4089f7eae9d20d699e54ee64ce206b52bca0b6247cb12d8,1659394510
ethereum,0x755d937557e026f2dd348495ee94f8b0a324f8d7a67981b6b6374c4716e5be71,1659394924
ethereum,0x724b38c1dca3e6150b71391117b2c0bf1ae1abf18ccbd2ebf03825d0a746046c,1659394924
ethereum,0x7e10d1536e4d5f3bf488dfb8c6e15de21ed39cae09619067ee47f35a4dacdb02,1659395290
ethereum,0x8c65b2b25be2c929d86f1fb556aa0b981bd54c2ad54d8de63d3876c4c833293e,1659395290
ethereum,0x1344d628d963ba34e8df821f416f2d472208d5c545cff3f7cffed259a74dede1,1659395290
ethereum,0xfe330dcc25110e3999c9813ea9933a216e64f6d5d1579be103122a53b1d2407a,1659395290
ethereum,0xc275ab005910e6fb4406cbc823dcbd18900a2d978d078eab6f691750514aeb65,1659395290
ethereum,0xb500b832890db4393604f6b5d8c0d076c8bf2b85755e36635ced2d0da22462e7,1659395318
ethereum,0x1cc8c7579dda72f887f294ff8a5d42b9d88ef7333a4203d52c05d582e4918e77,1659395633
ethereum,0x657a28015280bb0d92ef17c0e6e6b3542fbd1481a994eece2696bbf581de1c66,1659396282
ethereum,0x6514a52a52978e482b7115850ede39656fb1175a38f8317bf55ef9c98ce2712b,1659396403
ethereum,0x383e7e2b15a47bf1206fe21dbb8f71a2ec04bc430cd7d8656444754f96ed9ae9,1659396634
ethereum,0xd973ab610863c0ed4cf4a4f1b6b14bed84e69a24ab818542a43493e6793c6a30,1659396794
ethereum,0xba7aaaeff6bd578ed12eee821c01cb350f1b989ac4c8c3aaccf5ba8c7e8ea993,1659396794
ethereum,0xc2af8ac586489d4c555a273d965aa233ee03dcce31e1028b067497a753f33903,1659396844
ethereum,0xa27880cfc47b8bce27fa5a431843cc90e57a7d2dfc4c3daf2e97fc9bde2c38a6,1659396886
ethereum,0x2be79663b7c20067a7173c2f6327eb9d263cc0e955b4d38cbcabf5389117d26f,1659397423
ethereum,0xa964235f9a86094448a12b55752d69a4758b6b1b5e95c18ec541c651dc055c4a,1659397423
ethereum,0xa002f38643000af5b366b4f3e76c64f9cd7b6ce31ab6f5989fead558775dfb40,1659397442
ethereum,0x94be909f16eda422014ee75ab594e86400ef1a87a8af9570911035e49bdf1b18,1659397609
ethereum,0x04cb086c949b9bcd3b39b0f81a6f3451553b36c62d82e15e5f3df3e32ede7a07,1659397632
ethereum,0x78dab9f4e5f1938be0201f29b6932cd86b98a26d3a1c522d17008cce1a56098e,1659397722
ethereum,0xdf36b0920473b8c40412072d02f12d94e90136e4f05ffc212e097520e28e5bbb,1659398079
ethereum,0x8fe5138245590fbb2ccffdc04d875b5440235f8c7290daa92b795e2d086809c2,1659398653
